"","Estimate","Std. Error","df","t value","Pr(>|t|)"
"(Intercept)",1.77201806802816,0.383481618419826,338.353818120796,4.62086833608854,5.44125181956012e-06
"CORTICAL_SUMMARY_POSITIVE1",-0.148848303128827,0.0668958771114126,340.423078498756,-2.22507439256572,0.0267311265055614
"UW_MEM_postAV45_",0.00611745427480169,0.0120821473966628,200.146695673587,0.506321771615812,0.613188051483958
"APOE4_BIN1",-0.0217227883619474,0.0654684728264855,338.087253922979,-0.331805332003397,0.740241852675072
"Age.AV45",-0.0213313100775143,0.00436721140442118,339.483537472897,-4.8844235147214,1.60086697964523e-06
"Gender1",0.298878381482337,0.0556630133083181,337.076340852702,5.36942511227062,1.47406698403074e-07
"Edu..Yrs.",0.0395221382771541,0.0105647980489028,336.065170840184,3.74092700061205,0.000215521148761333
"CORTICAL_SUMMARY_POSITIVE1:UW_MEM_postAV45_",-0.0606594594691619,0.0233567024711628,209.282122419498,-2.59709004488346,0.0100688850238071
"UW_MEM_postAV45_:APOE4_BIN1",-0.0199512845861308,0.0235183534634607,227.799300736724,-0.848328290376624,0.397145680301626
