"","APOE4_BIN1","Age.AV1451","Gender1","Edu..Yrs.","NSFA_0","NSFA_1","NSFA_2","NSFA_3","NSFA_4","NSFA_5","NSFA_6","NSFA_7","NSFA_8","NSFA_9","NSFA_10","NSFA_11"
"AVLT_AV1451_1",0,0,0,0,-0.105468750379879,-0.186217211726446,0,-0.288024704203352,0.0938841919607181,0,0,0.237661017476198,-0.188714808121704,0,0,0
"AVLT_retroslope_AV1451_BL",-0.478126124079159,0,0,0,0,0,0,0,0,0,0,0,0,0,0,0
"ADAS_AV1451_1",0.132397718882821,0,-0.132736636990433,-0.11531897274126,0.542845898210503,0.187543409257824,0,0.290666227621691,-0.377917513360718,0,0,-0.0537084631647653,0.209472839106892,0.184358461061551,0,0
"ADAS_retroslope_AV1451_BL",0.639479339412644,0.225067396756874,-0.151455900860089,-0.240166446638449,0.449583499490799,0.0408937597814039,0,0.0429414791727861,-0.350873086705012,0,0,0,0,0.0623156671776022,0.254249528750187,-0.235043472600072
"AV1451_BL_closest_AV45_wcereb",0.208314252671752,0,0.460323659381643,0,0.398530707410585,0.168958935645081,0,0.324418682308099,0,0,0,0,0,0,0,-0.029221006697861
"AV1451_BL_closest_AV45_wcereb_retroSlope",0,0,0,0,0,0,0,0,0,0,0,0,0,0,0,0
